{
    "_comment_": [
        "Please do not automate the download and installation of Forge.",
        "Our efforts are supported by ads from the download page.",
        "If you MUST automate this, please consider supporting the project through https://www.patreon.com/LexManos/"
    ],
    "id": "1.16.5-forge-36.2.42",
    "time": "2024-03-05T19:18:18+00:00",
    "releaseTime": "2024-03-05T19:18:18+00:00",
    "type": "release",
    "mainClass": "cpw.mods.modlauncher.Launcher",
    "inheritsFrom": "1.16.5",
    "logging": {
        
    },
    "arguments": {
        "game": [
            "--launchTarget",
            "fmlclient",
            "--fml.forgeVersion",
            "36.2.42",
            "--fml.mcVersion",
            "1.16.5",
            "--fml.forgeGroup",
            "net.minecraftforge",
            "--fml.mcpVersion",
            "20210115.111550"
        ],
        "jvm": [
            "-XX:+IgnoreUnrecognizedVMOptions",
            "--add-exports=java.base/sun.security.util=ALL-UNNAMED",
            "--add-exports=jdk.naming.dns/com.sun.jndi.dns=java.naming",
            "--add-opens=java.base/java.util.jar=ALL-UNNAMED"
        ]
    },
    "libraries": [
        {
            "name": "net.minecraftforge:forge:1.16.5-36.2.42",
            "downloads": {
                "artifact": {
                    "path": "net/minecraftforge/forge/1.16.5-36.2.42/forge-1.16.5-36.2.42.jar",
                    "url": "",
                    "sha1": "caca08d22543cbe101d64d171738e1ff6eef4de3",
                    "size": 212563
                }
            }
        },
        {
            "name": "org.ow2.asm:asm:9.6",
            "downloads": {
                "artifact": {
                    "path": "org/ow2/asm/asm/9.6/asm-9.6.jar",
                    "url": "https://maven.minecraftforge.net/org/ow2/asm/asm/9.6/asm-9.6.jar",
                    "sha1": "aa205cf0a06dbd8e04ece91c0b37c3f5d567546a",
                    "size": 123598
                }
            }
        },
        {
            "name": "org.ow2.asm:asm-commons:9.6",
            "downloads": {
                "artifact": {
                    "path": "org/ow2/asm/asm-commons/9.6/asm-commons-9.6.jar",
                    "url": "https://maven.minecraftforge.net/org/ow2/asm/asm-commons/9.6/asm-commons-9.6.jar",
                    "sha1": "f1a9e5508eff490744144565c47326c8648be309",
                    "size": 72194
                }
            }
        },
        {
            "name": "org.ow2.asm:asm-tree:9.6",
            "downloads": {
                "artifact": {
                    "path": "org/ow2/asm/asm-tree/9.6/asm-tree-9.6.jar",
                    "url": "https://maven.minecraftforge.net/org/ow2/asm/asm-tree/9.6/asm-tree-9.6.jar",
                    "sha1": "c0cdda9d211e965d2a4448aa3fd86110f2f8c2de",
                    "size": 51935
                }
            }
        },
        {
            "name": "org.ow2.asm:asm-util:9.6",
            "downloads": {
                "artifact": {
                    "path": "org/ow2/asm/asm-util/9.6/asm-util-9.6.jar",
                    "url": "https://maven.minecraftforge.net/org/ow2/asm/asm-util/9.6/asm-util-9.6.jar",
                    "sha1": "f77caf84eb93786a749b2baa40865b9613e3eaee",
                    "size": 91131
                }
            }
        },
        {
            "name": "org.ow2.asm:asm-analysis:9.6",
            "downloads": {
                "artifact": {
                    "path": "org/ow2/asm/asm-analysis/9.6/asm-analysis-9.6.jar",
                    "url": "https://maven.minecraftforge.net/org/ow2/asm/asm-analysis/9.6/asm-analysis-9.6.jar",
                    "sha1": "9ce6c7b174bd997fc2552dff47964546bd7a5ec3",
                    "size": 34041
                }
            }
        },
        {
            "name": "cpw.mods:modlauncher:8.1.3",
            "downloads": {
                "artifact": {
                    "path": "cpw/mods/modlauncher/8.1.3/modlauncher-8.1.3.jar",
                    "url": "https://maven.minecraftforge.net/cpw/mods/modlauncher/8.1.3/modlauncher-8.1.3.jar",
                    "sha1": "6d0bfd78e025a87d43985e30907aa9ecbc51b2d6",
                    "size": 126747
                }
            }
        },
        {
            "name": "cpw.mods:grossjava9hacks:1.3.3",
            "downloads": {
                "artifact": {
                    "path": "cpw/mods/grossjava9hacks/1.3.3/grossjava9hacks-1.3.3.jar",
                    "url": "https://maven.minecraftforge.net/cpw/mods/grossjava9hacks/1.3.3/grossjava9hacks-1.3.3.jar",
                    "sha1": "e49222512ea6cabdd8b49761cef1d5a207b1f0d9",
                    "size": 2113
                }
            }
        },
        {
            "name": "net.minecraftforge:accesstransformers:3.0.1",
            "downloads": {
                "artifact": {
                    "path": "net/minecraftforge/accesstransformers/3.0.1/accesstransformers-3.0.1.jar",
                    "url": "https://maven.minecraftforge.net/net/minecraftforge/accesstransformers/3.0.1/accesstransformers-3.0.1.jar",
                    "sha1": "6d23c1b9cb0607fddc38d09730796f68db96f546",
                    "size": 76586
                }
            }
        },
        {
            "name": "org.antlr:antlr4-runtime:4.9.1",
            "downloads": {
                "artifact": {
                    "path": "org/antlr/antlr4-runtime/4.9.1/antlr4-runtime-4.9.1.jar",
                    "url": "https://maven.minecraftforge.net/org/antlr/antlr4-runtime/4.9.1/antlr4-runtime-4.9.1.jar",
                    "sha1": "428664f05d2b7f7b7610204b5aa7c1763f62011a",
                    "size": 337868
                }
            }
        },
        {
            "name": "net.minecraftforge:eventbus:4.0.0",
            "downloads": {
                "artifact": {
                    "path": "net/minecraftforge/eventbus/4.0.0/eventbus-4.0.0.jar",
                    "url": "https://maven.minecraftforge.net/net/minecraftforge/eventbus/4.0.0/eventbus-4.0.0.jar",
                    "sha1": "260e34800723e4c098c4e247cf2b900535e01b6d",
                    "size": 42873
                }
            }
        },
        {
            "name": "net.minecraftforge:forgespi:3.2.0",
            "downloads": {
                "artifact": {
                    "path": "net/minecraftforge/forgespi/3.2.0/forgespi-3.2.0.jar",
                    "url": "https://maven.minecraftforge.net/net/minecraftforge/forgespi/3.2.0/forgespi-3.2.0.jar",
                    "sha1": "0c6ca4e4e4a0343701407c760e642537b613b543",
                    "size": 20172
                }
            }
        },
        {
            "name": "net.minecraftforge:coremods:4.0.6",
            "downloads": {
                "artifact": {
                    "path": "net/minecraftforge/coremods/4.0.6/coremods-4.0.6.jar",
                    "url": "https://maven.minecraftforge.net/net/minecraftforge/coremods/4.0.6/coremods-4.0.6.jar",
                    "sha1": "d6d761379c841e2610abebcbf70ed20b65f728f0",
                    "size": 25453
                }
            }
        },
        {
            "name": "net.minecraftforge:unsafe:0.2.0",
            "downloads": {
                "artifact": {
                    "path": "net/minecraftforge/unsafe/0.2.0/unsafe-0.2.0.jar",
                    "url": "https://maven.minecraftforge.net/net/minecraftforge/unsafe/0.2.0/unsafe-0.2.0.jar",
                    "sha1": "54d7a0a5e8fdb71b973025caa46f341ae5904f39",
                    "size": 2834
                }
            }
        },
        {
            "name": "com.electronwill.night-config:core:3.6.3",
            "downloads": {
                "artifact": {
                    "path": "com/electronwill/night-config/core/3.6.3/core-3.6.3.jar",
                    "url": "https://maven.minecraftforge.net/com/electronwill/night-config/core/3.6.3/core-3.6.3.jar",
                    "sha1": "c601bfeaeb2c0abe7aaa901b0bbe6d1beff49281",
                    "size": 199091
                }
            }
        },
        {
            "name": "com.electronwill.night-config:toml:3.6.3",
            "downloads": {
                "artifact": {
                    "path": "com/electronwill/night-config/toml/3.6.3/toml-3.6.3.jar",
                    "url": "https://maven.minecraftforge.net/com/electronwill/night-config/toml/3.6.3/toml-3.6.3.jar",
                    "sha1": "2b05b4d606c517da4d1a7b6d2b97d751c92887d7",
                    "size": 31288
                }
            }
        },
        {
            "name": "org.jline:jline:3.12.1",
            "downloads": {
                "artifact": {
                    "path": "org/jline/jline/3.12.1/jline-3.12.1.jar",
                    "url": "https://maven.minecraftforge.net/org/jline/jline/3.12.1/jline-3.12.1.jar",
                    "sha1": "de2bd909cb9f8eaa741bd03df4a1bd3f6eb593c7",
                    "size": 732926
                }
            }
        },
        {
            "name": "org.apache.maven:maven-artifact:3.6.3",
            "downloads": {
                "artifact": {
                    "path": "org/apache/maven/maven-artifact/3.6.3/maven-artifact-3.6.3.jar",
                    "url": "https://maven.minecraftforge.net/org/apache/maven/maven-artifact/3.6.3/maven-artifact-3.6.3.jar",
                    "sha1": "f8ff8032903882376e8d000c51e3e16d20fc7df7",
                    "size": 57824
                }
            }
        },
        {
            "name": "net.jodah:typetools:0.8.3",
            "downloads": {
                "artifact": {
                    "path": "net/jodah/typetools/0.8.3/typetools-0.8.3.jar",
                    "url": "https://maven.minecraftforge.net/net/jodah/typetools/0.8.3/typetools-0.8.3.jar",
                    "sha1": "98f84f353457629e81cc6827224871b1a8faa7af",
                    "size": 15425
                }
            }
        },
        {
            "name": "org.apache.logging.log4j:log4j-api:2.15.0",
            "downloads": {
                "artifact": {
                    "path": "org/apache/logging/log4j/log4j-api/2.15.0/log4j-api-2.15.0.jar",
                    "url": "https://libraries.minecraft.net/org/apache/logging/log4j/log4j-api/2.15.0/log4j-api-2.15.0.jar",
                    "sha1": "4a5aa7e55a29391c6f66e0b259d5189aa11e45d0",
                    "size": 301804
                }
            }
        },
        {
            "name": "org.apache.logging.log4j:log4j-core:2.15.0",
            "downloads": {
                "artifact": {
                    "path": "org/apache/logging/log4j/log4j-core/2.15.0/log4j-core-2.15.0.jar",
                    "url": "https://libraries.minecraft.net/org/apache/logging/log4j/log4j-core/2.15.0/log4j-core-2.15.0.jar",
                    "sha1": "ba55c13d7ac2fd44df9cc8074455719a33f375b9",
                    "size": 1789769
                }
            }
        },
        {
            "name": "org.apache.logging.log4j:log4j-slf4j18-impl:2.15.0",
            "downloads": {
                "artifact": {
                    "path": "org/apache/logging/log4j/log4j-slf4j18-impl/2.15.0/log4j-slf4j18-impl-2.15.0.jar",
                    "url": "https://libraries.minecraft.net/org/apache/logging/log4j/log4j-slf4j18-impl/2.15.0/log4j-slf4j18-impl-2.15.0.jar",
                    "sha1": "88f72ad364bfc3a7cf43186fc17212f2b4bb8d97",
                    "size": 21223
                }
            }
        },
        {
            "name": "net.minecrell:terminalconsoleappender:1.2.0",
            "downloads": {
                "artifact": {
                    "path": "net/minecrell/terminalconsoleappender/1.2.0/terminalconsoleappender-1.2.0.jar",
                    "url": "https://maven.minecraftforge.net/net/minecrell/terminalconsoleappender/1.2.0/terminalconsoleappender-1.2.0.jar",
                    "sha1": "96d02cd3b384ff015a8fef4223bcb4ccf1717c95",
                    "size": 15977
                }
            }
        },
        {
            "name": "net.sf.jopt-simple:jopt-simple:5.0.4",
            "downloads": {
                "artifact": {
                    "path": "net/sf/jopt-simple/jopt-simple/5.0.4/jopt-simple-5.0.4.jar",
                    "url": "https://libraries.minecraft.net/net/sf/jopt-simple/jopt-simple/5.0.4/jopt-simple-5.0.4.jar",
                    "sha1": "4fdac2fbe92dfad86aa6e9301736f6b4342a3f5c",
                    "size": 78146
                }
            }
        },
        {
            "name": "org.spongepowered:mixin:0.8.4",
            "downloads": {
                "artifact": {
                    "path": "org/spongepowered/mixin/0.8.4/mixin-0.8.4.jar",
                    "url": "https://maven.minecraftforge.net/org/spongepowered/mixin/0.8.4/mixin-0.8.4.jar",
                    "sha1": "04ec7d77d9ab32596ca0b78bb123956734767e3a",
                    "size": 1069391
                }
            }
        },
        {
            "name": "net.minecraftforge:nashorn-core-compat:15.1.1.1",
            "downloads": {
                "artifact": {
                    "path": "net/minecraftforge/nashorn-core-compat/15.1.1.1/nashorn-core-compat-15.1.1.1.jar",
                    "url": "https://maven.minecraftforge.net/net/minecraftforge/nashorn-core-compat/15.1.1.1/nashorn-core-compat-15.1.1.1.jar",
                    "sha1": "1817deb38a5a8811148dca0d23161d92bdbd6184",
                    "size": 2194057
                }
            }
        }
    ]
}